{
    "IMG_2720.jpg": [
        2.48207950592041,
        -0.311862587928772,
        0.3654375374317169
    ],
    "IMG_2721.jpg": [
        3.8654093742370605,
        -0.3796006441116333,
        0.7139078378677368
    ],
    "IMG_2729.jpg": [
        -0.40621501207351685,
        1.3539563417434692,
        0.017387481406331062
    ],
    "IMG_2727.jpg": [
        -5.146395683288574,
        1.9345022439956665,
        0.49285566806793213
    ],
    "IMG_2717.jpg": [
        -3.43890118598938,
        0.1976485550403595,
        0.30751657485961914
    ],
    "IMG_2726.jpg": [
        -5.147758483886719,
        0.6103636622428894,
        0.3591728210449219
    ],
    "IMG_2719.jpg": [
        0.660399854183197,
        -0.1543693095445633,
        0.3986645042896271
    ],
    "IMG_2730.jpg": [
        2.001563787460327,
        1.4416289329528809,
        0.2999826669692993
    ],
    "IMG_2714.jpg": [
        0.9964906573295593,
        -1.2823724746704102,
        -0.09329599142074585
    ],
    "IMG_2718.jpg": [
        -1.4021039009094238,
        0.0007714718813076615,
        0.32596731185913086
    ],
    "IMG_2709.jpg": [
        2.7051491737365723,
        -2.6405200958251953,
        0.3890139162540436
    ],
    "IMG_2731.jpg": [
        3.8091721534729004,
        1.2670875787734985,
        0.6073432564735413
    ],
    "IMG_2722.jpg": [
        3.6070098876953125,
        1.1171460151672363,
        0.40913352370262146
    ],
    "IMG_2708.jpg": [
        0.7241721749305725,
        -2.537601947784424,
        0.2601086497306824
    ],
    "IMG_2734.jpg": [
        -0.6942503452301025,
        2.9443962574005127,
        -2.293015241622925
    ],
    "IMG_2715.jpg": [
        -1.1968046426773071,
        -1.1510884761810303,
        0.29340627789497375
    ],
    "IMG_2710.jpg": [
        4.100186347961426,
        -2.619060516357422,
        0.5589190125465393
    ],
    "IMG_2736.jpg": [
        -4.120480537414551,
        2.9526753425598145,
        -1.8692837953567505
    ],
    "IMG_2712.jpg": [
        5.410828590393066,
        -1.572110652923584,
        0.04848930612206459
    ],
    "IMG_2711.jpg": [
        5.295629024505615,
        -2.6720681190490723,
        0.45049136877059937
    ],
    "IMG_2725.jpg": [
        -3.9801580905914307,
        0.6754242181777954,
        -0.19277389347553253
    ],
    "IMG_2724.jpg": [
        -2.4513566493988037,
        0.9527970552444458,
        -0.6515053510665894
    ],
    "IMG_2713.jpg": [
        3.100417137145996,
        -1.4213247299194336,
        0.07383426278829575
    ],
    "IMG_2723.jpg": [
        0.5840175747871399,
        1.0278749465942383,
        -0.47734659910202026
    ],
    "IMG_2728.jpg": [
        -2.955554246902466,
        1.604692816734314,
        0.19683252274990082
    ],
    "IMG_2707.jpg": [
        -1.508897066116333,
        -2.510572910308838,
        0.07891572266817093
    ],
    "IMG_2735.jpg": [
        -2.564910888671875,
        2.9168102741241455,
        -2.314706325531006
    ],
    "IMG_2716.jpg": [
        -3.2761456966400146,
        -1.160739779472351,
        0.0747997909784317
    ],
    "IMG_2732.jpg": [
        3.459897756576538,
        2.973696708679199,
        -1.5578042268753052
    ]
}